timestamp,symbol,regime,actual_winner,simulated_winner,actual_expected_pnl,simulated_expected_pnl,expected_pnl_delta,candidate_list,simulated_order
2026-04-21 06:23:48,TX,WEAK,counter_vwap,counter_vwap,0.0,0.0,0.0,"counter_vwap,spring_upthrust,kbar_feature","counter_vwap,spring_upthrust,kbar_feature"
2026-04-21 06:28:48,TX,WEAK,counter_vwap,counter_vwap,0.0,0.0,0.0,"counter_vwap,spring_upthrust,kbar_feature","counter_vwap,spring_upthrust,kbar_feature"
2026-04-21 06:33:48,TX,WEAK,counter_vwap,counter_vwap,0.0,0.0,0.0,"counter_vwap,spring_upthrust,kbar_feature","counter_vwap,spring_upthrust,kbar_feature"
2026-04-21 06:38:48,TX,WEAK,counter_vwap,counter_vwap,0.0,0.0,0.0,"counter_vwap,spring_upthrust,kbar_feature","counter_vwap,spring_upthrust,kbar_feature"
2026-04-21 06:43:48,TX,WEAK,counter_vwap,counter_vwap,0.0,0.0,0.0,"counter_vwap,spring_upthrust,kbar_feature","counter_vwap,spring_upthrust,kbar_feature"
2026-04-21 06:48:48,TX,WEAK,counter_vwap,counter_vwap,0.0,0.0,0.0,"counter_vwap,spring_upthrust,kbar_feature","counter_vwap,spring_upthrust,kbar_feature"
2026-04-21 06:53:48,TX,WEAK,counter_vwap,counter_vwap,0.0,0.0,0.0,"counter_vwap,spring_upthrust,kbar_feature","counter_vwap,spring_upthrust,kbar_feature"
2026-04-21 06:58:48,TX,WEAK,counter_vwap,counter_vwap,0.0,0.0,0.0,"counter_vwap,spring_upthrust,kbar_feature","counter_vwap,spring_upthrust,kbar_feature"
2026-04-21 07:03:48,TX,WEAK,counter_vwap,counter_vwap,0.0,0.0,0.0,"counter_vwap,spring_upthrust,kbar_feature","counter_vwap,spring_upthrust,kbar_feature"
2026-04-21 07:08:48,TX,WEAK,counter_vwap,counter_vwap,0.0,0.0,0.0,"counter_vwap,spring_upthrust,kbar_feature","counter_vwap,spring_upthrust,kbar_feature"
2026-04-21 07:13:48,TX,WEAK,counter_vwap,counter_vwap,0.0,0.0,0.0,"counter_vwap,spring_upthrust,kbar_feature","counter_vwap,spring_upthrust,kbar_feature"
2026-04-21 07:18:48,TX,WEAK,counter_vwap,counter_vwap,0.0,0.0,0.0,"counter_vwap,spring_upthrust,kbar_feature","counter_vwap,spring_upthrust,kbar_feature"
2026-04-21 07:23:48,TX,WEAK,counter_vwap,counter_vwap,0.0,0.0,0.0,"counter_vwap,spring_upthrust,kbar_feature","counter_vwap,spring_upthrust,kbar_feature"
2026-04-21 07:28:48,TX,WEAK,counter_vwap,counter_vwap,0.0,0.0,0.0,"counter_vwap,spring_upthrust,kbar_feature","counter_vwap,spring_upthrust,kbar_feature"
2026-04-21 07:33:48,TX,WEAK,counter_vwap,counter_vwap,0.0,0.0,0.0,"counter_vwap,spring_upthrust,kbar_feature","counter_vwap,spring_upthrust,kbar_feature"
2026-04-21 07:38:48,TX,WEAK,counter_vwap,counter_vwap,0.0,0.0,0.0,"counter_vwap,spring_upthrust,kbar_feature","counter_vwap,spring_upthrust,kbar_feature"
2026-04-21 07:43:48,TX,WEAK,counter_vwap,counter_vwap,0.0,0.0,0.0,"counter_vwap,spring_upthrust,kbar_feature","counter_vwap,spring_upthrust,kbar_feature"
2026-04-21 07:48:48,TX,WEAK,counter_vwap,counter_vwap,0.0,0.0,0.0,"counter_vwap,spring_upthrust,kbar_feature","counter_vwap,spring_upthrust,kbar_feature"
2026-04-21 07:53:48,TX,WEAK,counter_vwap,counter_vwap,0.0,0.0,0.0,"counter_vwap,spring_upthrust,kbar_feature","counter_vwap,spring_upthrust,kbar_feature"
2026-04-21 07:58:48,TX,WEAK,counter_vwap,counter_vwap,0.0,0.0,0.0,"counter_vwap,spring_upthrust,kbar_feature","counter_vwap,spring_upthrust,kbar_feature"
2026-04-21 08:03:48,TX,WEAK,counter_vwap,counter_vwap,0.0,0.0,0.0,"counter_vwap,spring_upthrust,kbar_feature","counter_vwap,spring_upthrust,kbar_feature"
2026-04-21 08:08:48,TX,WEAK,counter_vwap,counter_vwap,0.0,0.0,0.0,"counter_vwap,spring_upthrust,kbar_feature","counter_vwap,spring_upthrust,kbar_feature"
2026-04-21 08:13:48,TX,WEAK,counter_vwap,counter_vwap,0.0,0.0,0.0,"counter_vwap,spring_upthrust,kbar_feature","counter_vwap,spring_upthrust,kbar_feature"
2026-04-21 08:18:48,TX,WEAK,counter_vwap,counter_vwap,0.0,0.0,0.0,"counter_vwap,spring_upthrust,kbar_feature","counter_vwap,spring_upthrust,kbar_feature"
2026-04-21 08:23:48,TX,WEAK,counter_vwap,counter_vwap,0.0,0.0,0.0,"counter_vwap,spring_upthrust,kbar_feature","counter_vwap,spring_upthrust,kbar_feature"
2026-04-21 08:28:48,TX,WEAK,counter_vwap,counter_vwap,0.0,0.0,0.0,"counter_vwap,spring_upthrust,kbar_feature","counter_vwap,spring_upthrust,kbar_feature"
2026-04-21 08:33:48,TX,WEAK,counter_vwap,counter_vwap,0.0,0.0,0.0,"counter_vwap,spring_upthrust,kbar_feature","counter_vwap,spring_upthrust,kbar_feature"
2026-04-21 08:38:48,TX,WEAK,counter_vwap,counter_vwap,0.0,0.0,0.0,"counter_vwap,spring_upthrust,kbar_feature","counter_vwap,spring_upthrust,kbar_feature"
2026-04-21 08:43:48,TX,WEAK,counter_vwap,counter_vwap,0.0,0.0,0.0,"counter_vwap,spring_upthrust,kbar_feature","counter_vwap,spring_upthrust,kbar_feature"
2026-04-21 08:48:48,TX,WEAK,counter_vwap,counter_vwap,0.0,0.0,0.0,"counter_vwap,spring_upthrust,kbar_feature","counter_vwap,spring_upthrust,kbar_feature"
2026-04-21 08:53:48,TX,WEAK,counter_vwap,counter_vwap,0.0,0.0,0.0,"counter_vwap,spring_upthrust,kbar_feature","counter_vwap,spring_upthrust,kbar_feature"
2026-04-21 08:58:48,TX,WEAK,counter_vwap,counter_vwap,0.0,0.0,0.0,"counter_vwap,spring_upthrust,kbar_feature","counter_vwap,spring_upthrust,kbar_feature"
2026-04-21 09:03:48,TX,WEAK,counter_vwap,counter_vwap,0.0,0.0,0.0,"counter_vwap,spring_upthrust,kbar_feature","counter_vwap,spring_upthrust,kbar_feature"
2026-04-21 09:08:48,TX,WEAK,counter_vwap,counter_vwap,0.0,0.0,0.0,"counter_vwap,spring_upthrust,kbar_feature","counter_vwap,spring_upthrust,kbar_feature"
2026-04-21 09:13:48,TX,WEAK,counter_vwap,counter_vwap,0.0,0.0,0.0,"counter_vwap,spring_upthrust,kbar_feature","counter_vwap,spring_upthrust,kbar_feature"
2026-04-21 09:18:48,TX,WEAK,counter_vwap,counter_vwap,0.0,0.0,0.0,"counter_vwap,spring_upthrust,kbar_feature","counter_vwap,spring_upthrust,kbar_feature"
2026-04-21 09:23:48,TX,WEAK,counter_vwap,counter_vwap,0.0,0.0,0.0,"counter_vwap,spring_upthrust,kbar_feature","counter_vwap,spring_upthrust,kbar_feature"
2026-04-21 09:28:48,TX,WEAK,counter_vwap,counter_vwap,0.0,0.0,0.0,"counter_vwap,spring_upthrust,kbar_feature","counter_vwap,spring_upthrust,kbar_feature"
2026-04-21 09:33:48,TX,WEAK,counter_vwap,counter_vwap,0.0,0.0,0.0,"counter_vwap,spring_upthrust,kbar_feature","counter_vwap,spring_upthrust,kbar_feature"
2026-04-21 09:38:48,TX,WEAK,counter_vwap,counter_vwap,0.0,0.0,0.0,"counter_vwap,spring_upthrust,kbar_feature","counter_vwap,spring_upthrust,kbar_feature"
2026-04-21 09:43:48,TX,WEAK,counter_vwap,counter_vwap,0.0,0.0,0.0,"counter_vwap,spring_upthrust,kbar_feature","counter_vwap,spring_upthrust,kbar_feature"
2026-04-21 09:48:48,TX,WEAK,counter_vwap,counter_vwap,0.0,0.0,0.0,"counter_vwap,spring_upthrust,kbar_feature","counter_vwap,spring_upthrust,kbar_feature"
2026-04-21 09:53:48,TX,WEAK,counter_vwap,counter_vwap,0.0,0.0,0.0,"counter_vwap,spring_upthrust,kbar_feature","counter_vwap,spring_upthrust,kbar_feature"
2026-04-21 09:58:48,TX,WEAK,counter_vwap,counter_vwap,0.0,0.0,0.0,"counter_vwap,spring_upthrust,kbar_feature","counter_vwap,spring_upthrust,kbar_feature"
2026-04-21 10:03:48,TX,WEAK,counter_vwap,counter_vwap,0.0,0.0,0.0,"counter_vwap,spring_upthrust,kbar_feature","counter_vwap,spring_upthrust,kbar_feature"
2026-04-21 10:08:48,TX,WEAK,counter_vwap,counter_vwap,0.0,0.0,0.0,"counter_vwap,spring_upthrust,kbar_feature","counter_vwap,spring_upthrust,kbar_feature"
2026-04-21 10:13:48,TX,WEAK,counter_vwap,counter_vwap,0.0,0.0,0.0,"counter_vwap,spring_upthrust,kbar_feature","counter_vwap,spring_upthrust,kbar_feature"
2026-04-21 10:18:48,TX,WEAK,counter_vwap,counter_vwap,0.0,0.0,0.0,"counter_vwap,spring_upthrust,kbar_feature","counter_vwap,spring_upthrust,kbar_feature"
2026-04-21 10:23:48,TX,WEAK,counter_vwap,counter_vwap,0.0,0.0,0.0,"counter_vwap,spring_upthrust,kbar_feature","counter_vwap,spring_upthrust,kbar_feature"
2026-04-21 10:28:48,TX,WEAK,counter_vwap,counter_vwap,0.0,0.0,0.0,"counter_vwap,spring_upthrust,kbar_feature","counter_vwap,spring_upthrust,kbar_feature"
2026-04-21 10:33:48,TX,WEAK,counter_vwap,counter_vwap,0.0,0.0,0.0,"counter_vwap,spring_upthrust,kbar_feature","counter_vwap,spring_upthrust,kbar_feature"
2026-04-21 10:38:48,TX,WEAK,counter_vwap,counter_vwap,0.0,0.0,0.0,"counter_vwap,spring_upthrust,kbar_feature","counter_vwap,spring_upthrust,kbar_feature"
2026-04-21 10:43:48,TX,WEAK,counter_vwap,counter_vwap,0.0,0.0,0.0,"counter_vwap,spring_upthrust,kbar_feature","counter_vwap,spring_upthrust,kbar_feature"
2026-04-21 10:48:48,TX,WEAK,counter_vwap,counter_vwap,0.0,0.0,0.0,"counter_vwap,spring_upthrust,kbar_feature","counter_vwap,spring_upthrust,kbar_feature"
2026-04-21 10:53:48,TX,WEAK,counter_vwap,counter_vwap,0.0,0.0,0.0,"counter_vwap,spring_upthrust,kbar_feature","counter_vwap,spring_upthrust,kbar_feature"
2026-04-21 10:58:48,TX,WEAK,counter_vwap,counter_vwap,0.0,0.0,0.0,"counter_vwap,spring_upthrust,kbar_feature","counter_vwap,spring_upthrust,kbar_feature"
2026-04-21 11:03:48,TX,WEAK,counter_vwap,counter_vwap,0.0,0.0,0.0,"counter_vwap,spring_upthrust,kbar_feature","counter_vwap,spring_upthrust,kbar_feature"
2026-04-21 11:08:48,TX,WEAK,counter_vwap,counter_vwap,0.0,0.0,0.0,"counter_vwap,spring_upthrust,kbar_feature","counter_vwap,spring_upthrust,kbar_feature"
2026-04-21 11:13:48,TX,WEAK,counter_vwap,counter_vwap,0.0,0.0,0.0,"counter_vwap,spring_upthrust,kbar_feature","counter_vwap,spring_upthrust,kbar_feature"
2026-04-21 11:18:48,TX,WEAK,counter_vwap,counter_vwap,0.0,0.0,0.0,"counter_vwap,spring_upthrust,kbar_feature","counter_vwap,spring_upthrust,kbar_feature"
2026-04-21 11:23:48,TX,WEAK,counter_vwap,counter_vwap,0.0,0.0,0.0,"counter_vwap,spring_upthrust,kbar_feature","counter_vwap,spring_upthrust,kbar_feature"
2026-04-21 11:28:48,TX,WEAK,counter_vwap,counter_vwap,0.0,0.0,0.0,"counter_vwap,spring_upthrust,kbar_feature","counter_vwap,spring_upthrust,kbar_feature"
2026-04-21 11:33:48,TX,WEAK,counter_vwap,counter_vwap,0.0,0.0,0.0,"counter_vwap,spring_upthrust,kbar_feature","counter_vwap,spring_upthrust,kbar_feature"
2026-04-21 11:38:48,TX,WEAK,counter_vwap,counter_vwap,0.0,0.0,0.0,"counter_vwap,spring_upthrust,kbar_feature","counter_vwap,spring_upthrust,kbar_feature"
2026-04-21 11:43:48,TX,WEAK,counter_vwap,counter_vwap,0.0,0.0,0.0,"counter_vwap,spring_upthrust,kbar_feature","counter_vwap,spring_upthrust,kbar_feature"
2026-04-21 11:48:48,TX,WEAK,counter_vwap,counter_vwap,0.0,0.0,0.0,"counter_vwap,spring_upthrust,kbar_feature","counter_vwap,spring_upthrust,kbar_feature"
2026-04-21 11:53:48,TX,WEAK,counter_vwap,counter_vwap,0.0,0.0,0.0,"counter_vwap,spring_upthrust,kbar_feature","counter_vwap,spring_upthrust,kbar_feature"
2026-04-21 11:58:48,TX,WEAK,counter_vwap,counter_vwap,0.0,0.0,0.0,"counter_vwap,spring_upthrust,kbar_feature","counter_vwap,spring_upthrust,kbar_feature"
2026-04-21 12:03:48,TX,WEAK,counter_vwap,counter_vwap,0.0,0.0,0.0,"counter_vwap,spring_upthrust,kbar_feature","counter_vwap,spring_upthrust,kbar_feature"
2026-04-21 12:08:48,TX,WEAK,counter_vwap,counter_vwap,0.0,0.0,0.0,"counter_vwap,spring_upthrust,kbar_feature","counter_vwap,spring_upthrust,kbar_feature"
2026-04-21 12:13:48,TX,WEAK,counter_vwap,counter_vwap,0.0,0.0,0.0,"counter_vwap,spring_upthrust,kbar_feature","counter_vwap,spring_upthrust,kbar_feature"
2026-04-21 12:18:48,TX,WEAK,counter_vwap,counter_vwap,0.0,0.0,0.0,"counter_vwap,spring_upthrust,kbar_feature","counter_vwap,spring_upthrust,kbar_feature"
2026-04-21 12:23:48,TX,WEAK,counter_vwap,counter_vwap,0.0,0.0,0.0,"counter_vwap,spring_upthrust,kbar_feature","counter_vwap,spring_upthrust,kbar_feature"
2026-04-21 12:28:48,TX,WEAK,counter_vwap,counter_vwap,0.0,0.0,0.0,"counter_vwap,spring_upthrust,kbar_feature","counter_vwap,spring_upthrust,kbar_feature"
2026-04-21 12:33:48,TX,WEAK,counter_vwap,counter_vwap,0.0,0.0,0.0,"counter_vwap,spring_upthrust,kbar_feature","counter_vwap,spring_upthrust,kbar_feature"
2026-04-21 12:38:48,TX,WEAK,counter_vwap,counter_vwap,0.0,0.0,0.0,"counter_vwap,spring_upthrust,kbar_feature","counter_vwap,spring_upthrust,kbar_feature"
2026-04-21 12:43:48,TX,WEAK,counter_vwap,counter_vwap,0.0,0.0,0.0,"counter_vwap,spring_upthrust,kbar_feature","counter_vwap,spring_upthrust,kbar_feature"
2026-04-21 12:48:48,TX,WEAK,counter_vwap,counter_vwap,0.0,0.0,0.0,"counter_vwap,spring_upthrust,kbar_feature","counter_vwap,spring_upthrust,kbar_feature"
2026-04-21 12:53:48,TX,WEAK,counter_vwap,counter_vwap,0.0,0.0,0.0,"counter_vwap,spring_upthrust,kbar_feature","counter_vwap,spring_upthrust,kbar_feature"
2026-04-21 12:58:48,TX,WEAK,counter_vwap,counter_vwap,0.0,0.0,0.0,"counter_vwap,spring_upthrust,kbar_feature","counter_vwap,spring_upthrust,kbar_feature"
2026-04-21 13:03:48,TX,WEAK,counter_vwap,counter_vwap,0.0,0.0,0.0,"counter_vwap,spring_upthrust,kbar_feature","counter_vwap,spring_upthrust,kbar_feature"
2026-04-21 13:08:48,TX,WEAK,counter_vwap,counter_vwap,0.0,0.0,0.0,"counter_vwap,spring_upthrust,kbar_feature","counter_vwap,spring_upthrust,kbar_feature"
2026-04-21 13:13:48,TX,WEAK,counter_vwap,counter_vwap,0.0,0.0,0.0,"counter_vwap,spring_upthrust,kbar_feature","counter_vwap,spring_upthrust,kbar_feature"
2026-04-21 13:18:48,TX,WEAK,counter_vwap,counter_vwap,0.0,0.0,0.0,"counter_vwap,spring_upthrust,kbar_feature","counter_vwap,spring_upthrust,kbar_feature"
2026-04-21 13:23:48,TX,WEAK,counter_vwap,counter_vwap,0.0,0.0,0.0,"counter_vwap,spring_upthrust,kbar_feature","counter_vwap,spring_upthrust,kbar_feature"
2026-04-21 13:28:48,TX,WEAK,counter_vwap,counter_vwap,0.0,0.0,0.0,"counter_vwap,spring_upthrust,kbar_feature","counter_vwap,spring_upthrust,kbar_feature"
2026-04-21 13:33:48,TX,WEAK,counter_vwap,counter_vwap,0.0,0.0,0.0,"counter_vwap,spring_upthrust,kbar_feature","counter_vwap,spring_upthrust,kbar_feature"
2026-04-21 13:38:48,TX,WEAK,counter_vwap,counter_vwap,0.0,0.0,0.0,"counter_vwap,spring_upthrust,kbar_feature","counter_vwap,spring_upthrust,kbar_feature"
2026-04-21 13:43:48,TX,WEAK,counter_vwap,counter_vwap,0.0,0.0,0.0,"counter_vwap,spring_upthrust,kbar_feature","counter_vwap,spring_upthrust,kbar_feature"
2026-04-21 13:48:48,TX,WEAK,counter_vwap,counter_vwap,0.0,0.0,0.0,"counter_vwap,spring_upthrust,kbar_feature","counter_vwap,spring_upthrust,kbar_feature"
2026-04-21 13:53:48,TX,WEAK,counter_vwap,counter_vwap,0.0,0.0,0.0,"counter_vwap,spring_upthrust,kbar_feature","counter_vwap,spring_upthrust,kbar_feature"
2026-04-21 13:58:48,TX,WEAK,counter_vwap,counter_vwap,0.0,0.0,0.0,"counter_vwap,spring_upthrust,kbar_feature","counter_vwap,spring_upthrust,kbar_feature"
2026-04-21 14:03:48,TX,WEAK,counter_vwap,counter_vwap,0.0,0.0,0.0,"counter_vwap,spring_upthrust,kbar_feature","counter_vwap,spring_upthrust,kbar_feature"
2026-04-21 14:08:48,TX,WEAK,counter_vwap,counter_vwap,0.0,0.0,0.0,"counter_vwap,spring_upthrust,kbar_feature","counter_vwap,spring_upthrust,kbar_feature"
2026-04-21 14:13:48,TX,WEAK,counter_vwap,counter_vwap,0.0,0.0,0.0,"counter_vwap,spring_upthrust,kbar_feature","counter_vwap,spring_upthrust,kbar_feature"
2026-04-21 14:18:48,TX,WEAK,counter_vwap,counter_vwap,0.0,0.0,0.0,"counter_vwap,spring_upthrust,kbar_feature","counter_vwap,spring_upthrust,kbar_feature"
2026-04-21 14:23:48,TX,WEAK,counter_vwap,counter_vwap,0.0,0.0,0.0,"counter_vwap,spring_upthrust,kbar_feature","counter_vwap,spring_upthrust,kbar_feature"
2026-04-21 14:28:48,TX,WEAK,counter_vwap,counter_vwap,0.0,0.0,0.0,"counter_vwap,spring_upthrust,kbar_feature","counter_vwap,spring_upthrust,kbar_feature"
2026-04-21 14:33:48,TX,WEAK,counter_vwap,counter_vwap,0.0,0.0,0.0,"counter_vwap,spring_upthrust,kbar_feature","counter_vwap,spring_upthrust,kbar_feature"
2026-04-21 14:38:48,TX,WEAK,counter_vwap,counter_vwap,0.0,0.0,0.0,"counter_vwap,spring_upthrust,kbar_feature","counter_vwap,spring_upthrust,kbar_feature"
2026-04-21 14:43:48,TX,WEAK,counter_vwap,counter_vwap,0.0,0.0,0.0,"counter_vwap,spring_upthrust,kbar_feature","counter_vwap,spring_upthrust,kbar_feature"
2026-04-21 14:48:48,TX,WEAK,counter_vwap,counter_vwap,0.0,0.0,0.0,"counter_vwap,spring_upthrust,kbar_feature","counter_vwap,spring_upthrust,kbar_feature"
2026-04-21 14:53:48,TX,WEAK,counter_vwap,counter_vwap,0.0,0.0,0.0,"counter_vwap,spring_upthrust,kbar_feature","counter_vwap,spring_upthrust,kbar_feature"
2026-04-21 14:58:48,TX,WEAK,counter_vwap,counter_vwap,0.0,0.0,0.0,"counter_vwap,spring_upthrust,kbar_feature","counter_vwap,spring_upthrust,kbar_feature"
2026-04-21 15:03:48,TX,WEAK,counter_vwap,counter_vwap,0.0,0.0,0.0,"counter_vwap,spring_upthrust,kbar_feature","counter_vwap,spring_upthrust,kbar_feature"
2026-04-21 15:08:48,TX,WEAK,counter_vwap,counter_vwap,0.0,0.0,0.0,"counter_vwap,spring_upthrust,kbar_feature","counter_vwap,spring_upthrust,kbar_feature"
2026-04-21 15:13:48,TX,WEAK,counter_vwap,counter_vwap,0.0,0.0,0.0,"counter_vwap,spring_upthrust,kbar_feature","counter_vwap,spring_upthrust,kbar_feature"
2026-04-21 15:18:48,TX,WEAK,counter_vwap,counter_vwap,0.0,0.0,0.0,"counter_vwap,spring_upthrust,kbar_feature","counter_vwap,spring_upthrust,kbar_feature"
2026-04-21 15:23:48,TX,WEAK,counter_vwap,counter_vwap,0.0,0.0,0.0,"counter_vwap,spring_upthrust,kbar_feature","counter_vwap,spring_upthrust,kbar_feature"
2026-04-21 15:28:48,TX,WEAK,counter_vwap,counter_vwap,0.0,0.0,0.0,"counter_vwap,spring_upthrust,kbar_feature","counter_vwap,spring_upthrust,kbar_feature"
2026-04-21 15:33:48,TX,WEAK,counter_vwap,counter_vwap,0.0,0.0,0.0,"counter_vwap,spring_upthrust,kbar_feature","counter_vwap,spring_upthrust,kbar_feature"
2026-04-21 15:38:48,TX,WEAK,counter_vwap,counter_vwap,0.0,0.0,0.0,"counter_vwap,spring_upthrust,kbar_feature","counter_vwap,spring_upthrust,kbar_feature"
2026-04-21 15:43:48,TX,WEAK,counter_vwap,counter_vwap,0.0,0.0,0.0,"counter_vwap,spring_upthrust,kbar_feature","counter_vwap,spring_upthrust,kbar_feature"
2026-04-21 15:48:48,TX,WEAK,counter_vwap,counter_vwap,0.0,0.0,0.0,"counter_vwap,spring_upthrust,kbar_feature","counter_vwap,spring_upthrust,kbar_feature"
2026-04-21 15:53:48,TX,WEAK,counter_vwap,counter_vwap,0.0,0.0,0.0,"counter_vwap,spring_upthrust,kbar_feature","counter_vwap,spring_upthrust,kbar_feature"
2026-04-21 15:58:48,TX,WEAK,counter_vwap,counter_vwap,0.0,0.0,0.0,"counter_vwap,spring_upthrust,kbar_feature","counter_vwap,spring_upthrust,kbar_feature"
2026-04-21 16:03:48,TX,WEAK,counter_vwap,counter_vwap,0.0,0.0,0.0,"counter_vwap,spring_upthrust,kbar_feature","counter_vwap,spring_upthrust,kbar_feature"
2026-04-21 16:08:48,TX,WEAK,counter_vwap,counter_vwap,0.0,0.0,0.0,"counter_vwap,spring_upthrust,kbar_feature","counter_vwap,spring_upthrust,kbar_feature"
2026-04-21 16:13:48,TX,WEAK,counter_vwap,counter_vwap,0.0,0.0,0.0,"counter_vwap,spring_upthrust,kbar_feature","counter_vwap,spring_upthrust,kbar_feature"
2026-04-21 16:18:48,TX,WEAK,counter_vwap,counter_vwap,0.0,0.0,0.0,"counter_vwap,spring_upthrust,kbar_feature","counter_vwap,spring_upthrust,kbar_feature"
2026-04-21 16:23:48,TX,WEAK,counter_vwap,counter_vwap,0.0,0.0,0.0,"counter_vwap,spring_upthrust,kbar_feature","counter_vwap,spring_upthrust,kbar_feature"
2026-04-21 16:28:48,TX,WEAK,counter_vwap,counter_vwap,0.0,0.0,0.0,"counter_vwap,spring_upthrust,kbar_feature","counter_vwap,spring_upthrust,kbar_feature"
2026-04-21 16:33:48,TX,WEAK,counter_vwap,counter_vwap,0.0,0.0,0.0,"counter_vwap,spring_upthrust,kbar_feature","counter_vwap,spring_upthrust,kbar_feature"
2026-04-21 16:38:48,TX,WEAK,counter_vwap,counter_vwap,0.0,0.0,0.0,"counter_vwap,spring_upthrust,kbar_feature","counter_vwap,spring_upthrust,kbar_feature"
2026-04-21 16:43:48,TX,WEAK,counter_vwap,counter_vwap,0.0,0.0,0.0,"counter_vwap,spring_upthrust,kbar_feature","counter_vwap,spring_upthrust,kbar_feature"
2026-04-21 16:48:48,TX,WEAK,counter_vwap,counter_vwap,0.0,0.0,0.0,"counter_vwap,spring_upthrust,kbar_feature","counter_vwap,spring_upthrust,kbar_feature"
2026-04-21 16:53:48,TX,WEAK,counter_vwap,counter_vwap,0.0,0.0,0.0,"counter_vwap,spring_upthrust,kbar_feature","counter_vwap,spring_upthrust,kbar_feature"
2026-04-21 16:58:48,TX,WEAK,counter_vwap,counter_vwap,0.0,0.0,0.0,"counter_vwap,spring_upthrust,kbar_feature","counter_vwap,spring_upthrust,kbar_feature"
2026-04-21 17:03:48,TX,WEAK,counter_vwap,counter_vwap,0.0,0.0,0.0,"counter_vwap,spring_upthrust,kbar_feature","counter_vwap,spring_upthrust,kbar_feature"
2026-04-21 17:08:48,TX,WEAK,counter_vwap,counter_vwap,0.0,0.0,0.0,"counter_vwap,spring_upthrust,kbar_feature","counter_vwap,spring_upthrust,kbar_feature"
2026-04-21 17:13:48,TX,WEAK,counter_vwap,counter_vwap,0.0,0.0,0.0,"counter_vwap,spring_upthrust,kbar_feature","counter_vwap,spring_upthrust,kbar_feature"
2026-04-21 17:18:48,TX,WEAK,counter_vwap,counter_vwap,0.0,0.0,0.0,"counter_vwap,spring_upthrust,kbar_feature","counter_vwap,spring_upthrust,kbar_feature"
2026-04-21 17:23:48,TX,WEAK,counter_vwap,counter_vwap,0.0,0.0,0.0,"counter_vwap,spring_upthrust,kbar_feature","counter_vwap,spring_upthrust,kbar_feature"
2026-04-21 17:28:48,TX,WEAK,counter_vwap,counter_vwap,0.0,0.0,0.0,"counter_vwap,spring_upthrust,kbar_feature","counter_vwap,spring_upthrust,kbar_feature"
2026-04-21 17:33:48,TX,WEAK,counter_vwap,counter_vwap,0.0,0.0,0.0,"counter_vwap,spring_upthrust,kbar_feature","counter_vwap,spring_upthrust,kbar_feature"
2026-04-21 17:38:48,TX,WEAK,counter_vwap,counter_vwap,0.0,0.0,0.0,"counter_vwap,spring_upthrust,kbar_feature","counter_vwap,spring_upthrust,kbar_feature"
2026-04-21 17:43:48,TX,WEAK,counter_vwap,counter_vwap,0.0,0.0,0.0,"counter_vwap,spring_upthrust,kbar_feature","counter_vwap,spring_upthrust,kbar_feature"
2026-04-21 17:48:48,TX,WEAK,counter_vwap,counter_vwap,0.0,0.0,0.0,"counter_vwap,spring_upthrust,kbar_feature","counter_vwap,spring_upthrust,kbar_feature"
2026-04-21 17:53:48,TX,WEAK,counter_vwap,counter_vwap,0.0,0.0,0.0,"counter_vwap,spring_upthrust,kbar_feature","counter_vwap,spring_upthrust,kbar_feature"
2026-04-21 17:58:48,TX,WEAK,counter_vwap,counter_vwap,0.0,0.0,0.0,"counter_vwap,spring_upthrust,kbar_feature","counter_vwap,spring_upthrust,kbar_feature"
2026-04-21 18:03:48,TX,WEAK,counter_vwap,counter_vwap,0.0,0.0,0.0,"counter_vwap,spring_upthrust,kbar_feature","counter_vwap,spring_upthrust,kbar_feature"
2026-04-21 18:08:48,TX,WEAK,counter_vwap,counter_vwap,0.0,0.0,0.0,"counter_vwap,spring_upthrust,kbar_feature","counter_vwap,spring_upthrust,kbar_feature"
2026-04-21 18:13:48,TX,WEAK,counter_vwap,counter_vwap,0.0,0.0,0.0,"counter_vwap,spring_upthrust,kbar_feature","counter_vwap,spring_upthrust,kbar_feature"
2026-04-21 18:18:48,TX,WEAK,counter_vwap,counter_vwap,0.0,0.0,0.0,"counter_vwap,spring_upthrust,kbar_feature","counter_vwap,spring_upthrust,kbar_feature"
2026-04-21 18:23:48,TX,WEAK,counter_vwap,counter_vwap,0.0,0.0,0.0,"counter_vwap,spring_upthrust,kbar_feature","counter_vwap,spring_upthrust,kbar_feature"
2026-04-21 18:28:48,TX,WEAK,counter_vwap,counter_vwap,0.0,0.0,0.0,"counter_vwap,spring_upthrust,kbar_feature","counter_vwap,spring_upthrust,kbar_feature"
2026-04-21 18:33:48,TX,WEAK,counter_vwap,counter_vwap,0.0,0.0,0.0,"counter_vwap,spring_upthrust,kbar_feature","counter_vwap,spring_upthrust,kbar_feature"
2026-04-21 18:38:48,TX,WEAK,counter_vwap,counter_vwap,0.0,0.0,0.0,"counter_vwap,spring_upthrust,kbar_feature","counter_vwap,spring_upthrust,kbar_feature"
2026-04-21 18:43:48,TX,WEAK,counter_vwap,counter_vwap,0.0,0.0,0.0,"counter_vwap,spring_upthrust,kbar_feature","counter_vwap,spring_upthrust,kbar_feature"
2026-04-21 18:48:48,TX,WEAK,counter_vwap,counter_vwap,0.0,0.0,0.0,"counter_vwap,spring_upthrust,kbar_feature","counter_vwap,spring_upthrust,kbar_feature"
2026-04-21 18:53:48,TX,WEAK,counter_vwap,counter_vwap,0.0,0.0,0.0,"counter_vwap,spring_upthrust,kbar_feature","counter_vwap,spring_upthrust,kbar_feature"
2026-04-21 18:58:48,TX,WEAK,counter_vwap,counter_vwap,0.0,0.0,0.0,"counter_vwap,spring_upthrust,kbar_feature","counter_vwap,spring_upthrust,kbar_feature"
2026-04-21 19:03:48,TX,WEAK,counter_vwap,counter_vwap,0.0,0.0,0.0,"counter_vwap,spring_upthrust,kbar_feature","counter_vwap,spring_upthrust,kbar_feature"
2026-04-21 19:08:48,TX,WEAK,counter_vwap,counter_vwap,0.0,0.0,0.0,"counter_vwap,spring_upthrust,kbar_feature","counter_vwap,spring_upthrust,kbar_feature"
2026-04-21 19:13:48,TX,WEAK,counter_vwap,counter_vwap,0.0,0.0,0.0,"counter_vwap,spring_upthrust,kbar_feature","counter_vwap,spring_upthrust,kbar_feature"
2026-04-21 19:18:48,TX,WEAK,counter_vwap,counter_vwap,0.0,0.0,0.0,"counter_vwap,spring_upthrust,kbar_feature","counter_vwap,spring_upthrust,kbar_feature"
2026-04-21 19:23:48,TX,WEAK,counter_vwap,counter_vwap,0.0,0.0,0.0,"counter_vwap,spring_upthrust,kbar_feature","counter_vwap,spring_upthrust,kbar_feature"
2026-04-21 19:28:48,TX,WEAK,counter_vwap,counter_vwap,0.0,0.0,0.0,"counter_vwap,spring_upthrust,kbar_feature","counter_vwap,spring_upthrust,kbar_feature"
2026-04-21 19:33:48,TX,WEAK,counter_vwap,counter_vwap,0.0,0.0,0.0,"counter_vwap,spring_upthrust,kbar_feature","counter_vwap,spring_upthrust,kbar_feature"
2026-04-21 19:38:48,TX,WEAK,counter_vwap,counter_vwap,0.0,0.0,0.0,"counter_vwap,spring_upthrust,kbar_feature","counter_vwap,spring_upthrust,kbar_feature"
2026-04-21 19:43:48,TX,WEAK,counter_vwap,counter_vwap,0.0,0.0,0.0,"counter_vwap,spring_upthrust,kbar_feature","counter_vwap,spring_upthrust,kbar_feature"
2026-04-21 19:48:48,TX,WEAK,counter_vwap,counter_vwap,0.0,0.0,0.0,"counter_vwap,spring_upthrust,kbar_feature","counter_vwap,spring_upthrust,kbar_feature"
2026-04-21 19:53:48,TX,WEAK,counter_vwap,counter_vwap,0.0,0.0,0.0,"counter_vwap,spring_upthrust,kbar_feature","counter_vwap,spring_upthrust,kbar_feature"
2026-04-21 19:58:48,TX,WEAK,counter_vwap,counter_vwap,0.0,0.0,0.0,"counter_vwap,spring_upthrust,kbar_feature","counter_vwap,spring_upthrust,kbar_feature"
2026-04-21 20:03:48,TX,WEAK,counter_vwap,counter_vwap,0.0,0.0,0.0,"counter_vwap,spring_upthrust,kbar_feature","counter_vwap,spring_upthrust,kbar_feature"
2026-04-21 20:08:48,TX,WEAK,counter_vwap,counter_vwap,0.0,0.0,0.0,"counter_vwap,spring_upthrust,kbar_feature","counter_vwap,spring_upthrust,kbar_feature"
2026-04-21 20:13:48,TX,WEAK,counter_vwap,counter_vwap,0.0,0.0,0.0,"counter_vwap,spring_upthrust,kbar_feature","counter_vwap,spring_upthrust,kbar_feature"
2026-04-21 20:18:48,TX,WEAK,counter_vwap,counter_vwap,0.0,0.0,0.0,"counter_vwap,spring_upthrust,kbar_feature","counter_vwap,spring_upthrust,kbar_feature"
2026-04-21 20:23:48,TX,WEAK,counter_vwap,counter_vwap,0.0,0.0,0.0,"counter_vwap,spring_upthrust,kbar_feature","counter_vwap,spring_upthrust,kbar_feature"
2026-04-21 20:28:48,TX,WEAK,counter_vwap,counter_vwap,0.0,0.0,0.0,"counter_vwap,spring_upthrust,kbar_feature","counter_vwap,spring_upthrust,kbar_feature"
2026-04-21 20:33:48,TX,WEAK,counter_vwap,counter_vwap,0.0,0.0,0.0,"counter_vwap,spring_upthrust,kbar_feature","counter_vwap,spring_upthrust,kbar_feature"
2026-04-21 20:38:48,TX,WEAK,counter_vwap,counter_vwap,0.0,0.0,0.0,"counter_vwap,spring_upthrust,kbar_feature","counter_vwap,spring_upthrust,kbar_feature"
2026-04-21 20:43:48,TX,WEAK,counter_vwap,counter_vwap,0.0,0.0,0.0,"counter_vwap,spring_upthrust,kbar_feature","counter_vwap,spring_upthrust,kbar_feature"
2026-04-21 20:48:48,TX,WEAK,counter_vwap,counter_vwap,0.0,0.0,0.0,"counter_vwap,spring_upthrust,kbar_feature","counter_vwap,spring_upthrust,kbar_feature"
2026-04-21 20:53:48,TX,WEAK,counter_vwap,counter_vwap,0.0,0.0,0.0,"counter_vwap,spring_upthrust,kbar_feature","counter_vwap,spring_upthrust,kbar_feature"
2026-04-21 20:58:48,TX,WEAK,counter_vwap,counter_vwap,0.0,0.0,0.0,"counter_vwap,spring_upthrust,kbar_feature","counter_vwap,spring_upthrust,kbar_feature"
2026-04-21 21:03:48,TX,WEAK,counter_vwap,counter_vwap,0.0,0.0,0.0,"counter_vwap,spring_upthrust,kbar_feature","counter_vwap,spring_upthrust,kbar_feature"
2026-04-21 21:08:48,TX,WEAK,counter_vwap,counter_vwap,0.0,0.0,0.0,"counter_vwap,spring_upthrust,kbar_feature","counter_vwap,spring_upthrust,kbar_feature"
2026-04-21 21:13:48,TX,WEAK,counter_vwap,counter_vwap,0.0,0.0,0.0,"counter_vwap,spring_upthrust,kbar_feature","counter_vwap,spring_upthrust,kbar_feature"
2026-04-21 21:18:48,TX,WEAK,counter_vwap,counter_vwap,0.0,0.0,0.0,"counter_vwap,spring_upthrust,kbar_feature","counter_vwap,spring_upthrust,kbar_feature"
2026-04-21 21:23:48,TX,WEAK,counter_vwap,counter_vwap,0.0,0.0,0.0,"counter_vwap,spring_upthrust,kbar_feature","counter_vwap,spring_upthrust,kbar_feature"
2026-04-21 21:28:48,TX,WEAK,counter_vwap,counter_vwap,0.0,0.0,0.0,"counter_vwap,spring_upthrust,kbar_feature","counter_vwap,spring_upthrust,kbar_feature"
2026-04-21 21:33:48,TX,WEAK,counter_vwap,counter_vwap,0.0,0.0,0.0,"counter_vwap,spring_upthrust,kbar_feature","counter_vwap,spring_upthrust,kbar_feature"
2026-04-21 21:38:48,TX,WEAK,counter_vwap,counter_vwap,0.0,0.0,0.0,"counter_vwap,spring_upthrust,kbar_feature","counter_vwap,spring_upthrust,kbar_feature"
2026-04-21 21:43:48,TX,WEAK,counter_vwap,counter_vwap,0.0,0.0,0.0,"counter_vwap,spring_upthrust,kbar_feature","counter_vwap,spring_upthrust,kbar_feature"
2026-04-21 21:48:48,TX,WEAK,counter_vwap,counter_vwap,0.0,0.0,0.0,"counter_vwap,spring_upthrust,kbar_feature","counter_vwap,spring_upthrust,kbar_feature"
2026-04-21 21:53:48,TX,WEAK,counter_vwap,counter_vwap,0.0,0.0,0.0,"counter_vwap,spring_upthrust,kbar_feature","counter_vwap,spring_upthrust,kbar_feature"
2026-04-21 21:58:48,TX,WEAK,counter_vwap,counter_vwap,0.0,0.0,0.0,"counter_vwap,spring_upthrust,kbar_feature","counter_vwap,spring_upthrust,kbar_feature"
2026-04-21 22:03:48,TX,WEAK,counter_vwap,counter_vwap,0.0,0.0,0.0,"counter_vwap,spring_upthrust,kbar_feature","counter_vwap,spring_upthrust,kbar_feature"
2026-04-21 22:08:48,TX,WEAK,counter_vwap,counter_vwap,0.0,0.0,0.0,"counter_vwap,spring_upthrust,kbar_feature","counter_vwap,spring_upthrust,kbar_feature"
2026-04-21 22:13:48,TX,WEAK,counter_vwap,counter_vwap,0.0,0.0,0.0,"counter_vwap,spring_upthrust,kbar_feature","counter_vwap,spring_upthrust,kbar_feature"
2026-04-21 22:18:48,TX,WEAK,counter_vwap,counter_vwap,0.0,0.0,0.0,"counter_vwap,spring_upthrust,kbar_feature","counter_vwap,spring_upthrust,kbar_feature"
2026-04-21 22:23:48,TX,WEAK,counter_vwap,counter_vwap,0.0,0.0,0.0,"counter_vwap,spring_upthrust,kbar_feature","counter_vwap,spring_upthrust,kbar_feature"
2026-04-21 22:28:48,TX,WEAK,counter_vwap,counter_vwap,0.0,0.0,0.0,"counter_vwap,spring_upthrust,kbar_feature","counter_vwap,spring_upthrust,kbar_feature"
2026-04-21 22:33:48,TX,WEAK,counter_vwap,counter_vwap,0.0,0.0,0.0,"counter_vwap,spring_upthrust,kbar_feature","counter_vwap,spring_upthrust,kbar_feature"
2026-04-21 22:38:48,TX,WEAK,counter_vwap,counter_vwap,0.0,0.0,0.0,"counter_vwap,spring_upthrust,kbar_feature","counter_vwap,spring_upthrust,kbar_feature"
2026-04-21 22:43:48,TX,WEAK,counter_vwap,counter_vwap,0.0,0.0,0.0,"counter_vwap,spring_upthrust,kbar_feature","counter_vwap,spring_upthrust,kbar_feature"
2026-04-21 22:48:48,TX,WEAK,counter_vwap,counter_vwap,0.0,0.0,0.0,"counter_vwap,spring_upthrust,kbar_feature","counter_vwap,spring_upthrust,kbar_feature"
2026-04-21 22:53:48,TX,WEAK,counter_vwap,counter_vwap,0.0,0.0,0.0,"counter_vwap,spring_upthrust,kbar_feature","counter_vwap,spring_upthrust,kbar_feature"
2026-04-21 22:58:48,TX,WEAK,counter_vwap,counter_vwap,0.0,0.0,0.0,"counter_vwap,spring_upthrust,kbar_feature","counter_vwap,spring_upthrust,kbar_feature"
2026-04-21 23:03:48,TX,WEAK,counter_vwap,counter_vwap,0.0,0.0,0.0,"counter_vwap,spring_upthrust,kbar_feature","counter_vwap,spring_upthrust,kbar_feature"
2026-04-21 23:08:48,TX,WEAK,counter_vwap,counter_vwap,0.0,0.0,0.0,"counter_vwap,spring_upthrust,kbar_feature","counter_vwap,spring_upthrust,kbar_feature"
2026-04-21 23:13:48,TX,WEAK,counter_vwap,counter_vwap,0.0,0.0,0.0,"counter_vwap,spring_upthrust,kbar_feature","counter_vwap,spring_upthrust,kbar_feature"
2026-04-21 23:18:48,TX,WEAK,counter_vwap,counter_vwap,0.0,0.0,0.0,"counter_vwap,spring_upthrust,kbar_feature","counter_vwap,spring_upthrust,kbar_feature"
2026-04-21 23:23:48,TX,WEAK,counter_vwap,counter_vwap,0.0,0.0,0.0,"counter_vwap,spring_upthrust,kbar_feature","counter_vwap,spring_upthrust,kbar_feature"
2026-04-21 23:28:48,TX,WEAK,counter_vwap,counter_vwap,0.0,0.0,0.0,"counter_vwap,spring_upthrust,kbar_feature","counter_vwap,spring_upthrust,kbar_feature"
2026-04-21 23:33:48,TX,WEAK,counter_vwap,counter_vwap,0.0,0.0,0.0,"counter_vwap,spring_upthrust,kbar_feature","counter_vwap,spring_upthrust,kbar_feature"
2026-04-21 23:38:48,TX,WEAK,counter_vwap,counter_vwap,0.0,0.0,0.0,"counter_vwap,spring_upthrust,kbar_feature","counter_vwap,spring_upthrust,kbar_feature"
2026-04-21 23:43:48,TX,WEAK,counter_vwap,counter_vwap,0.0,0.0,0.0,"counter_vwap,spring_upthrust,kbar_feature","counter_vwap,spring_upthrust,kbar_feature"
2026-04-21 23:48:48,TX,WEAK,counter_vwap,counter_vwap,0.0,0.0,0.0,"counter_vwap,spring_upthrust,kbar_feature","counter_vwap,spring_upthrust,kbar_feature"
2026-04-21 23:53:48,TX,WEAK,counter_vwap,counter_vwap,0.0,0.0,0.0,"counter_vwap,spring_upthrust,kbar_feature","counter_vwap,spring_upthrust,kbar_feature"
2026-04-21 23:58:48,TX,WEAK,counter_vwap,counter_vwap,0.0,0.0,0.0,"counter_vwap,spring_upthrust,kbar_feature","counter_vwap,spring_upthrust,kbar_feature"
2026-04-22 00:03:48,TX,WEAK,counter_vwap,counter_vwap,0.0,0.0,0.0,"counter_vwap,spring_upthrust,kbar_feature","counter_vwap,spring_upthrust,kbar_feature"
2026-04-22 00:08:48,TX,WEAK,counter_vwap,counter_vwap,0.0,0.0,0.0,"counter_vwap,spring_upthrust,kbar_feature","counter_vwap,spring_upthrust,kbar_feature"
2026-04-22 00:13:48,TX,WEAK,counter_vwap,counter_vwap,0.0,0.0,0.0,"counter_vwap,spring_upthrust,kbar_feature","counter_vwap,spring_upthrust,kbar_feature"
2026-04-22 00:18:48,TX,WEAK,counter_vwap,counter_vwap,0.0,0.0,0.0,"counter_vwap,spring_upthrust,kbar_feature","counter_vwap,spring_upthrust,kbar_feature"
2026-04-22 00:23:48,TX,WEAK,counter_vwap,counter_vwap,0.0,0.0,0.0,"counter_vwap,spring_upthrust,kbar_feature","counter_vwap,spring_upthrust,kbar_feature"
2026-04-22 00:28:48,TX,WEAK,counter_vwap,counter_vwap,0.0,0.0,0.0,"counter_vwap,spring_upthrust,kbar_feature","counter_vwap,spring_upthrust,kbar_feature"
2026-04-22 00:33:48,TX,WEAK,counter_vwap,counter_vwap,0.0,0.0,0.0,"counter_vwap,spring_upthrust,kbar_feature","counter_vwap,spring_upthrust,kbar_feature"
2026-04-22 00:38:48,TX,WEAK,counter_vwap,counter_vwap,0.0,0.0,0.0,"counter_vwap,spring_upthrust,kbar_feature","counter_vwap,spring_upthrust,kbar_feature"
2026-04-22 00:43:48,TX,WEAK,counter_vwap,counter_vwap,0.0,0.0,0.0,"counter_vwap,spring_upthrust,kbar_feature","counter_vwap,spring_upthrust,kbar_feature"
2026-04-22 00:48:48,TX,WEAK,counter_vwap,counter_vwap,0.0,0.0,0.0,"counter_vwap,spring_upthrust,kbar_feature","counter_vwap,spring_upthrust,kbar_feature"
2026-04-22 00:53:48,TX,WEAK,counter_vwap,counter_vwap,0.0,0.0,0.0,"counter_vwap,spring_upthrust,kbar_feature","counter_vwap,spring_upthrust,kbar_feature"
2026-04-22 00:58:48,TX,WEAK,counter_vwap,counter_vwap,0.0,0.0,0.0,"counter_vwap,spring_upthrust,kbar_feature","counter_vwap,spring_upthrust,kbar_feature"
2026-04-22 01:03:48,TX,WEAK,counter_vwap,counter_vwap,0.0,0.0,0.0,"counter_vwap,spring_upthrust,kbar_feature","counter_vwap,spring_upthrust,kbar_feature"
2026-04-22 01:08:48,TX,WEAK,counter_vwap,counter_vwap,0.0,0.0,0.0,"counter_vwap,spring_upthrust,kbar_feature","counter_vwap,spring_upthrust,kbar_feature"
2026-04-22 01:13:48,TX,WEAK,counter_vwap,counter_vwap,0.0,0.0,0.0,"counter_vwap,spring_upthrust,kbar_feature","counter_vwap,spring_upthrust,kbar_feature"
2026-04-22 01:18:48,TX,WEAK,counter_vwap,counter_vwap,0.0,0.0,0.0,"counter_vwap,spring_upthrust,kbar_feature","counter_vwap,spring_upthrust,kbar_feature"
2026-04-22 01:23:48,TX,WEAK,counter_vwap,counter_vwap,0.0,0.0,0.0,"counter_vwap,spring_upthrust,kbar_feature","counter_vwap,spring_upthrust,kbar_feature"
2026-04-22 01:28:48,TX,WEAK,counter_vwap,counter_vwap,0.0,0.0,0.0,"counter_vwap,spring_upthrust,kbar_feature","counter_vwap,spring_upthrust,kbar_feature"
2026-04-22 01:33:48,TX,WEAK,counter_vwap,counter_vwap,0.0,0.0,0.0,"counter_vwap,spring_upthrust,kbar_feature","counter_vwap,spring_upthrust,kbar_feature"
2026-04-22 01:38:48,TX,WEAK,counter_vwap,counter_vwap,0.0,0.0,0.0,"counter_vwap,spring_upthrust,kbar_feature","counter_vwap,spring_upthrust,kbar_feature"
2026-04-22 01:43:48,TX,WEAK,counter_vwap,counter_vwap,0.0,0.0,0.0,"counter_vwap,spring_upthrust,kbar_feature","counter_vwap,spring_upthrust,kbar_feature"
2026-04-22 01:48:48,TX,WEAK,counter_vwap,counter_vwap,0.0,0.0,0.0,"counter_vwap,spring_upthrust,kbar_feature","counter_vwap,spring_upthrust,kbar_feature"
2026-04-22 01:53:48,TX,WEAK,counter_vwap,counter_vwap,0.0,0.0,0.0,"counter_vwap,spring_upthrust,kbar_feature","counter_vwap,spring_upthrust,kbar_feature"
2026-04-22 01:58:48,TX,WEAK,counter_vwap,counter_vwap,0.0,0.0,0.0,"counter_vwap,spring_upthrust,kbar_feature","counter_vwap,spring_upthrust,kbar_feature"
2026-04-22 02:03:48,TX,WEAK,counter_vwap,counter_vwap,0.0,0.0,0.0,"counter_vwap,spring_upthrust,kbar_feature","counter_vwap,spring_upthrust,kbar_feature"
2026-04-22 02:08:48,TX,WEAK,counter_vwap,counter_vwap,0.0,0.0,0.0,"counter_vwap,spring_upthrust,kbar_feature","counter_vwap,spring_upthrust,kbar_feature"
2026-04-22 02:13:48,TX,WEAK,counter_vwap,counter_vwap,0.0,0.0,0.0,"counter_vwap,spring_upthrust,kbar_feature","counter_vwap,spring_upthrust,kbar_feature"
2026-04-22 02:18:48,TX,WEAK,counter_vwap,counter_vwap,0.0,0.0,0.0,"counter_vwap,spring_upthrust,kbar_feature","counter_vwap,spring_upthrust,kbar_feature"
2026-04-22 02:23:48,TX,WEAK,counter_vwap,counter_vwap,0.0,0.0,0.0,"counter_vwap,spring_upthrust,kbar_feature","counter_vwap,spring_upthrust,kbar_feature"
2026-04-22 02:28:48,TX,WEAK,counter_vwap,counter_vwap,0.0,0.0,0.0,"counter_vwap,spring_upthrust,kbar_feature","counter_vwap,spring_upthrust,kbar_feature"
2026-04-22 02:33:48,TX,WEAK,counter_vwap,counter_vwap,0.0,0.0,0.0,"counter_vwap,spring_upthrust,kbar_feature","counter_vwap,spring_upthrust,kbar_feature"
2026-04-22 02:38:48,TX,WEAK,counter_vwap,counter_vwap,0.0,0.0,0.0,"counter_vwap,spring_upthrust,kbar_feature","counter_vwap,spring_upthrust,kbar_feature"
2026-04-22 02:43:48,TX,WEAK,counter_vwap,counter_vwap,0.0,0.0,0.0,"counter_vwap,spring_upthrust,kbar_feature","counter_vwap,spring_upthrust,kbar_feature"
2026-04-22 02:48:48,TX,WEAK,counter_vwap,counter_vwap,0.0,0.0,0.0,"counter_vwap,spring_upthrust,kbar_feature","counter_vwap,spring_upthrust,kbar_feature"
2026-04-22 02:53:48,TX,WEAK,counter_vwap,counter_vwap,0.0,0.0,0.0,"counter_vwap,spring_upthrust,kbar_feature","counter_vwap,spring_upthrust,kbar_feature"
2026-04-22 02:58:48,TX,WEAK,counter_vwap,counter_vwap,0.0,0.0,0.0,"counter_vwap,spring_upthrust,kbar_feature","counter_vwap,spring_upthrust,kbar_feature"
2026-04-22 03:03:48,TX,WEAK,counter_vwap,counter_vwap,0.0,0.0,0.0,"counter_vwap,spring_upthrust,kbar_feature","counter_vwap,spring_upthrust,kbar_feature"
2026-04-22 03:08:48,TX,WEAK,counter_vwap,counter_vwap,0.0,0.0,0.0,"counter_vwap,spring_upthrust,kbar_feature","counter_vwap,spring_upthrust,kbar_feature"
2026-04-22 03:13:48,TX,WEAK,counter_vwap,counter_vwap,0.0,0.0,0.0,"counter_vwap,spring_upthrust,kbar_feature","counter_vwap,spring_upthrust,kbar_feature"
2026-04-22 03:18:48,TX,WEAK,counter_vwap,counter_vwap,0.0,0.0,0.0,"counter_vwap,spring_upthrust,kbar_feature","counter_vwap,spring_upthrust,kbar_feature"
2026-04-22 03:23:48,TX,WEAK,counter_vwap,counter_vwap,0.0,0.0,0.0,"counter_vwap,spring_upthrust,kbar_feature","counter_vwap,spring_upthrust,kbar_feature"
2026-04-22 03:28:48,TX,WEAK,counter_vwap,counter_vwap,0.0,0.0,0.0,"counter_vwap,spring_upthrust,kbar_feature","counter_vwap,spring_upthrust,kbar_feature"
2026-04-22 03:33:48,TX,WEAK,counter_vwap,counter_vwap,0.0,0.0,0.0,"counter_vwap,spring_upthrust,kbar_feature","counter_vwap,spring_upthrust,kbar_feature"
2026-04-22 03:38:48,TX,WEAK,counter_vwap,counter_vwap,0.0,0.0,0.0,"counter_vwap,spring_upthrust,kbar_feature","counter_vwap,spring_upthrust,kbar_feature"
2026-04-22 03:43:48,TX,WEAK,counter_vwap,counter_vwap,0.0,0.0,0.0,"counter_vwap,spring_upthrust,kbar_feature","counter_vwap,spring_upthrust,kbar_feature"
2026-04-22 03:48:48,TX,WEAK,counter_vwap,counter_vwap,0.0,0.0,0.0,"counter_vwap,spring_upthrust,kbar_feature","counter_vwap,spring_upthrust,kbar_feature"
2026-04-22 03:53:48,TX,WEAK,counter_vwap,counter_vwap,0.0,0.0,0.0,"counter_vwap,spring_upthrust,kbar_feature","counter_vwap,spring_upthrust,kbar_feature"
2026-04-22 03:58:48,TX,WEAK,counter_vwap,counter_vwap,0.0,0.0,0.0,"counter_vwap,spring_upthrust,kbar_feature","counter_vwap,spring_upthrust,kbar_feature"
2026-04-22 04:03:48,TX,WEAK,counter_vwap,counter_vwap,0.0,0.0,0.0,"counter_vwap,spring_upthrust,kbar_feature","counter_vwap,spring_upthrust,kbar_feature"
2026-04-22 04:08:48,TX,WEAK,counter_vwap,counter_vwap,0.0,0.0,0.0,"counter_vwap,spring_upthrust,kbar_feature","counter_vwap,spring_upthrust,kbar_feature"
2026-04-22 04:13:48,TX,WEAK,counter_vwap,counter_vwap,0.0,0.0,0.0,"counter_vwap,spring_upthrust,kbar_feature","counter_vwap,spring_upthrust,kbar_feature"
2026-04-22 04:18:48,TX,WEAK,counter_vwap,counter_vwap,0.0,0.0,0.0,"counter_vwap,spring_upthrust,kbar_feature","counter_vwap,spring_upthrust,kbar_feature"
2026-04-22 04:23:48,TX,WEAK,counter_vwap,counter_vwap,0.0,0.0,0.0,"counter_vwap,spring_upthrust,kbar_feature","counter_vwap,spring_upthrust,kbar_feature"
2026-04-22 04:28:48,TX,WEAK,counter_vwap,counter_vwap,0.0,0.0,0.0,"counter_vwap,spring_upthrust,kbar_feature","counter_vwap,spring_upthrust,kbar_feature"
2026-04-22 04:33:48,TX,WEAK,counter_vwap,counter_vwap,0.0,0.0,0.0,"counter_vwap,spring_upthrust,kbar_feature","counter_vwap,spring_upthrust,kbar_feature"
2026-04-22 04:38:48,TX,WEAK,counter_vwap,counter_vwap,0.0,0.0,0.0,"counter_vwap,spring_upthrust,kbar_feature","counter_vwap,spring_upthrust,kbar_feature"
2026-04-22 04:43:48,TX,WEAK,counter_vwap,counter_vwap,0.0,0.0,0.0,"counter_vwap,spring_upthrust,kbar_feature","counter_vwap,spring_upthrust,kbar_feature"
2026-04-22 04:48:48,TX,WEAK,counter_vwap,counter_vwap,0.0,0.0,0.0,"counter_vwap,spring_upthrust,kbar_feature","counter_vwap,spring_upthrust,kbar_feature"
2026-04-22 04:53:48,TX,WEAK,counter_vwap,counter_vwap,0.0,0.0,0.0,"counter_vwap,spring_upthrust,kbar_feature","counter_vwap,spring_upthrust,kbar_feature"
2026-04-22 04:58:48,TX,WEAK,counter_vwap,counter_vwap,0.0,0.0,0.0,"counter_vwap,spring_upthrust,kbar_feature","counter_vwap,spring_upthrust,kbar_feature"
2026-04-22 05:03:48,TX,WEAK,counter_vwap,counter_vwap,0.0,0.0,0.0,"counter_vwap,spring_upthrust,kbar_feature","counter_vwap,spring_upthrust,kbar_feature"
2026-04-22 05:08:48,TX,WEAK,counter_vwap,counter_vwap,0.0,0.0,0.0,"counter_vwap,spring_upthrust,kbar_feature","counter_vwap,spring_upthrust,kbar_feature"
2026-04-22 05:13:48,TX,WEAK,counter_vwap,counter_vwap,0.0,0.0,0.0,"counter_vwap,spring_upthrust,kbar_feature","counter_vwap,spring_upthrust,kbar_feature"
2026-04-22 05:18:48,TX,WEAK,counter_vwap,counter_vwap,0.0,0.0,0.0,"counter_vwap,spring_upthrust,kbar_feature","counter_vwap,spring_upthrust,kbar_feature"
2026-04-22 05:23:48,TX,WEAK,counter_vwap,counter_vwap,0.0,0.0,0.0,"counter_vwap,spring_upthrust,kbar_feature","counter_vwap,spring_upthrust,kbar_feature"
2026-04-22 05:28:48,TX,WEAK,counter_vwap,counter_vwap,0.0,0.0,0.0,"counter_vwap,spring_upthrust,kbar_feature","counter_vwap,spring_upthrust,kbar_feature"
2026-04-22 05:33:48,TX,WEAK,counter_vwap,counter_vwap,0.0,0.0,0.0,"counter_vwap,spring_upthrust,kbar_feature","counter_vwap,spring_upthrust,kbar_feature"
2026-04-22 05:38:48,TX,WEAK,counter_vwap,counter_vwap,0.0,0.0,0.0,"counter_vwap,spring_upthrust,kbar_feature","counter_vwap,spring_upthrust,kbar_feature"
2026-04-22 05:43:48,TX,WEAK,counter_vwap,counter_vwap,0.0,0.0,0.0,"counter_vwap,spring_upthrust,kbar_feature","counter_vwap,spring_upthrust,kbar_feature"
2026-04-22 05:48:48,TX,WEAK,counter_vwap,counter_vwap,0.0,0.0,0.0,"counter_vwap,spring_upthrust,kbar_feature","counter_vwap,spring_upthrust,kbar_feature"
2026-04-22 05:53:48,TX,WEAK,counter_vwap,counter_vwap,0.0,0.0,0.0,"counter_vwap,spring_upthrust,kbar_feature","counter_vwap,spring_upthrust,kbar_feature"
2026-04-22 05:58:48,TX,WEAK,counter_vwap,counter_vwap,0.0,0.0,0.0,"counter_vwap,spring_upthrust,kbar_feature","counter_vwap,spring_upthrust,kbar_feature"
2026-04-22 06:03:48,TX,WEAK,counter_vwap,counter_vwap,0.0,0.0,0.0,"counter_vwap,spring_upthrust,kbar_feature","counter_vwap,spring_upthrust,kbar_feature"
2026-04-22 06:08:48,TX,WEAK,counter_vwap,counter_vwap,0.0,0.0,0.0,"counter_vwap,spring_upthrust,kbar_feature","counter_vwap,spring_upthrust,kbar_feature"
2026-04-22 06:13:48,TX,WEAK,counter_vwap,counter_vwap,0.0,0.0,0.0,"counter_vwap,spring_upthrust,kbar_feature","counter_vwap,spring_upthrust,kbar_feature"
2026-04-22 06:18:48,TX,WEAK,counter_vwap,counter_vwap,0.0,0.0,0.0,"counter_vwap,spring_upthrust,kbar_feature","counter_vwap,spring_upthrust,kbar_feature"
2026-04-22 06:23:48,TX,WEAK,counter_vwap,counter_vwap,0.0,0.0,0.0,"counter_vwap,spring_upthrust,kbar_feature","counter_vwap,spring_upthrust,kbar_feature"
2026-04-22 06:28:48,TX,WEAK,counter_vwap,counter_vwap,0.0,0.0,0.0,"counter_vwap,spring_upthrust,kbar_feature","counter_vwap,spring_upthrust,kbar_feature"
2026-04-22 06:33:48,TX,WEAK,counter_vwap,counter_vwap,0.0,0.0,0.0,"counter_vwap,spring_upthrust,kbar_feature","counter_vwap,spring_upthrust,kbar_feature"
2026-04-22 06:38:48,TX,WEAK,counter_vwap,counter_vwap,0.0,0.0,0.0,"counter_vwap,spring_upthrust,kbar_feature","counter_vwap,spring_upthrust,kbar_feature"
2026-04-22 06:43:48,TX,WEAK,counter_vwap,counter_vwap,0.0,0.0,0.0,"counter_vwap,spring_upthrust,kbar_feature","counter_vwap,spring_upthrust,kbar_feature"
2026-04-22 06:48:48,TX,WEAK,counter_vwap,counter_vwap,0.0,0.0,0.0,"counter_vwap,spring_upthrust,kbar_feature","counter_vwap,spring_upthrust,kbar_feature"
2026-04-22 06:53:48,TX,WEAK,counter_vwap,counter_vwap,0.0,0.0,0.0,"counter_vwap,spring_upthrust,kbar_feature","counter_vwap,spring_upthrust,kbar_feature"
2026-04-22 06:58:48,TX,WEAK,counter_vwap,counter_vwap,0.0,0.0,0.0,"counter_vwap,spring_upthrust,kbar_feature","counter_vwap,spring_upthrust,kbar_feature"
2026-04-22 07:03:48,TX,WEAK,counter_vwap,counter_vwap,0.0,0.0,0.0,"counter_vwap,spring_upthrust,kbar_feature","counter_vwap,spring_upthrust,kbar_feature"
2026-04-22 07:08:48,TX,WEAK,counter_vwap,counter_vwap,0.0,0.0,0.0,"counter_vwap,spring_upthrust,kbar_feature","counter_vwap,spring_upthrust,kbar_feature"
2026-04-22 07:13:48,TX,WEAK,counter_vwap,counter_vwap,0.0,0.0,0.0,"counter_vwap,spring_upthrust,kbar_feature","counter_vwap,spring_upthrust,kbar_feature"
2026-04-22 07:18:48,TX,WEAK,counter_vwap,counter_vwap,0.0,0.0,0.0,"counter_vwap,spring_upthrust,kbar_feature","counter_vwap,spring_upthrust,kbar_feature"
